{"cameraMode":{"drawMode":0,"name":"Shaded","section":"Shading Mode"},"sceneLighting":true,"audioPlay":false,"sceneViewState":{"m_AlwaysRefresh":false,"showFog":true,"showSkybox":true,"showFlares":true,"showImageEffects":true,"showParticleSystems":true,"showVisualEffectGraphs":true,"m_FxEnabled":true},"in2DMode":false,"pivot":{"x":388.7596740722656,"y":226.77955627441407,"z":-119.83525085449219},"rotation":{"x":0.004539856221526861,"y":-0.011065942235291005,"z":0.011064992286264897,"w":1.0020755529403687},"size":144.0855712890625,"orthographic":false}