{"cameraMode":{"drawMode":0,"name":"Shaded","section":"Shading Mode"},"sceneLighting":true,"audioPlay":false,"sceneViewState":{"m_AlwaysRefresh":false,"showFog":true,"showSkybox":true,"showFlares":true,"showImageEffects":true,"showParticleSystems":true,"showVisualEffectGraphs":true,"m_FxEnabled":true},"in2DMode":false,"pivot":{"x":294.8089904785156,"y":166.09075927734376,"z":-1.3356304168701172},"rotation":{"x":0.0033002968411892654,"y":0.005700934212654829,"z":-0.00000639005656921654,"w":0.9999936819076538},"size":169.6513214111328,"orthographic":false}