{"cameraMode":{"drawMode":0,"name":"Shaded","section":"Shading Mode"},"sceneLighting":true,"audioPlay":false,"sceneViewState":{"m_AlwaysRefresh":false,"showFog":true,"showSkybox":true,"showFlares":true,"showImageEffects":true,"showParticleSystems":true,"showVisualEffectGraphs":true,"m_FxEnabled":true},"in2DMode":false,"pivot":{"x":167.46693420410157,"y":80.8431396484375,"z":-62.22073745727539},"rotation":{"x":0.0033002968411892654,"y":0.005700934212654829,"z":-0.00000639005656921654,"w":0.9999936819076538},"size":106.84261322021485,"orthographic":false}