{"cameraMode":{"drawMode":0,"name":"Shaded","section":"Shading Mode"},"sceneLighting":true,"audioPlay":false,"sceneViewState":{"m_AlwaysRefresh":false,"showFog":true,"showSkybox":true,"showFlares":true,"showImageEffects":true,"showParticleSystems":true,"showVisualEffectGraphs":true,"m_FxEnabled":true},"in2DMode":false,"pivot":{"x":385.3412170410156,"y":231.02174377441407,"z":-132.7400665283203},"rotation":{"x":0.004539856221526861,"y":-0.011065942235291005,"z":0.011064992286264897,"w":1.0020755529403687},"size":139.72642517089845,"orthographic":false}